{
  "name": "FoodyFlow - Gestione Ristorante",
  "short_name": "FoodyFlow",
  "description": "Sistema completo di gestione ristorante per tracciamento inventario, calcolo costi, gestione ricette e reportistica vendite",
  "start_url": "/",
  "display": "standalone",
  "orientation": "portrait",
  "theme_color": "#16a34a",
  "background_color": "#ffffff",
  "scope": "/",
  "lang": "it",
  "categories": ["food", "business", "productivity"],
  "icons": [
    {
      "src": "pwa-64x64.png",
      "sizes": "64x64",
      "type": "image/png"
    },
    {
      "src": "pwa-192x192.png",
      "sizes": "192x192",
      "type": "image/png"
    },
    {
      "src": "pwa-512x512.png",
      "sizes": "512x512",
      "type": "image/png",
      "purpose": "any maskable"
    }
  ],
  "screenshots": [
    {
      "src": "screenshot-wide.png",
      "sizes": "1280x720",
      "type": "image/png",
      "form_factor": "wide"
    },
    {
      "src": "screenshot-narrow.png", 
      "sizes": "750x1334",
      "type": "image/png",
      "form_factor": "narrow"
    }
  ],
  "shortcuts": [
    {
      "name": "Dashboard",
      "short_name": "Dashboard", 
      "description": "Visualizza dashboard con KPI principali",
      "url": "/",
      "icons": [{"src": "pwa-192x192.png", "sizes": "192x192"}]
    },
    {
      "name": "Prodotti",
      "short_name": "Prodotti",
      "description": "Gestisci inventario e prodotti", 
      "url": "/#products",
      "icons": [{"src": "pwa-192x192.png", "sizes": "192x192"}]
    },
    {
      "name": "Ricette", 
      "short_name": "Ricette",
      "description": "Crea e gestisci ricette",
      "url": "/recipes",
      "icons": [{"src": "pwa-192x192.png", "sizes": "192x192"}]
    }
  ]
}